{
  "hash": "7787ad74",
  "configHash": "de62427e",
  "lockfileHash": "cbbb9381",
  "browserHash": "a22db187",
  "optimized": {
    "@angular/common": {
      "src": "../../../../../../node_modules/@angular/common/fesm2022/common.mjs",
      "file": "@angular_common.js",
      "fileHash": "81ddfa11",
      "needsInterop": false
    },
    "@angular/common/http": {
      "src": "../../../../../../node_modules/@angular/common/fesm2022/http.mjs",
      "file": "@angular_common_http.js",
      "fileHash": "8fe19bf3",
      "needsInterop": false
    },
    "@angular/core": {
      "src": "../../../../../../node_modules/@angular/core/fesm2022/core.mjs",
      "file": "@angular_core.js",
      "fileHash": "f3d6d931",
      "needsInterop": false
    },
    "@angular/platform-browser": {
      "src": "../../../../../../node_modules/@angular/platform-browser/fesm2022/platform-browser.mjs",
      "file": "@angular_platform-browser.js",
      "fileHash": "01d67bf9",
      "needsInterop": false
    },
    "@angular/router": {
      "src": "../../../../../../node_modules/@angular/router/fesm2022/router.mjs",
      "file": "@angular_router.js",
      "fileHash": "5ba04ed5",
      "needsInterop": false
    }
  },
  "chunks": {
    "chunk-5ELNWXJV": {
      "file": "chunk-5ELNWXJV.js"
    },
    "chunk-IQRGITXN": {
      "file": "chunk-IQRGITXN.js"
    },
    "chunk-QDVZUSXR": {
      "file": "chunk-QDVZUSXR.js"
    },
    "chunk-DBQVMHQU": {
      "file": "chunk-DBQVMHQU.js"
    },
    "chunk-QE7GUPV5": {
      "file": "chunk-QE7GUPV5.js"
    }
  }
}